{
    "song_name": "Cyber Pulse",
    "bpm": 110,
    "duration": 60,
    "beats": [
        0.0,
        0.5454421768707483,
        1.0908843537414965,
        1.636326530612245,
        2.181768707482993,
        2.7272108843537417,
        3.27265306122449,
        3.818095238095238,
        4.363537414965986,
        4.908979591836735,
        5.454421768707483,
        5.999863945578231,
        6.54530612244898,
        7.090748299319728,
        7.636190476190476,
        8.181632653061225,
        8.727074829931972,
        9.27251700680272,
        9.81795918367347,
        10.363401360544218,
        10.908843537414967,
        11.454285714285714,
        11.999727891156462,
        12.545170068027211,
        13.09061224489796,
        13.636054421768707,
        14.181496598639455,
        14.726938775510204,
        15.272380952380953,
        15.817823129251702,
        16.36326530612245,
        16.908707482993197,
        17.454149659863944,
        17.999591836734695,
        18.54503401360544,
        19.090476190476192,
        19.63591836734694,
        20.181360544217686,
        20.726802721088436,
        21.272244897959183,
        21.817687074829934,
        22.36312925170068,
        22.908571428571427,
        23.454013605442178,
        23.999455782312925,
        24.544897959183672,
        25.090340136054422,
        25.63578231292517,
        26.18122448979592,
        26.726666666666667,
        27.272108843537413,
        27.817551020408164,
        28.36299319727891,
        28.90843537414966,
        29.45387755102041,
        29.999319727891155,
        30.544761904761906,
        31.090204081632653,
        31.635646258503403,
        32.18108843537415,
        32.7265306122449,
        33.271972789115644,
        33.817414965986394,
        34.362857142857145,
        34.90829931972789,
        35.45374149659864,
        35.99918367346939,
        36.54462585034014,
        37.09006802721088,
        37.63551020408163,
        38.180952380952384,
        38.72639455782313,
        39.27183673469388,
        39.81727891156463,
        40.36272108843537,
        40.90816326530612,
        41.45360544217687,
        41.999047619047616,
        42.544489795918366,
        43.08993197278912,
        43.63537414965987,
        44.18081632653061,
        44.72625850340136,
        45.27170068027211,
        45.817142857142855,
        46.362585034013605,
        46.908027210884356,
        47.4534693877551,
        47.99891156462585,
        48.5443537414966,
        49.089795918367344,
        49.635238095238094,
        50.180680272108845,
        50.726122448979595,
        51.27156462585034,
        51.81700680272109,
        52.36244897959184,
        52.90789115646258,
        53.45333333333333,
        53.998775510204084,
        54.54421768707483,
        55.08965986394558,
        55.63510204081633,
        56.18054421768707,
        56.72598639455782,
        57.27142857142857,
        57.81687074829932,
        58.362312925170066,
        58.90775510204082
    ]
}