{
    "song_name": "Neon Arena",
    "bpm": 140,
    "duration": 60,
    "beats": [
        0.0,
        0.42857142857142855,
        0.8571428571428571,
        1.2857142857142858,
        1.7142857142857142,
        2.142857142857143,
        2.5714285714285716,
        3.0,
        3.4285714285714284,
        3.857142857142857,
        4.285714285714286,
        4.714285714285714,
        5.142857142857143,
        5.571428571428571,
        6.0,
        6.428571428571429,
        6.857142857142857,
        7.285714285714286,
        7.714285714285714,
        8.142857142857142,
        8.571428571428571,
        9.0,
        9.428571428571429,
        9.857142857142858,
        10.285714285714286,
        10.714285714285714,
        11.142857142857142,
        11.571428571428571,
        12.0,
        12.428571428571429,
        12.857142857142858,
        13.285714285714286,
        13.714285714285714,
        14.142857142857142,
        14.571428571428571,
        15.0,
        15.428571428571429,
        15.857142857142858,
        16.285714285714285,
        16.714285714285715,
        17.142857142857142,
        17.571428571428573,
        18.0,
        18.428571428571427,
        18.857142857142858,
        19.285714285714285,
        19.714285714285715,
        20.142857142857142,
        20.571428571428573,
        21.0,
        21.428571428571427,
        21.857142857142858,
        22.285714285714285,
        22.714285714285715,
        23.142857142857142,
        23.571428571428573,
        24.0,
        24.428571428571427,
        24.857142857142858,
        25.285714285714285,
        25.714285714285715,
        26.142857142857142,
        26.571428571428573,
        27.0,
        27.428571428571427,
        27.857142857142858,
        28.285714285714285,
        28.714285714285715,
        29.142857142857142,
        29.571428571428573,
        30.0,
        30.428571428571427,
        30.857142857142858,
        31.285714285714285,
        31.714285714285715,
        32.142857142857146,
        32.57142857142857,
        33.0,
        33.42857142857143,
        33.857142857142854,
        34.285714285714285,
        34.714285714285715,
        35.142857142857146,
        35.57142857142857,
        36.0,
        36.42857142857143,
        36.857142857142854,
        37.285714285714285,
        37.714285714285715,
        38.142857142857146,
        38.57142857142857,
        39.0,
        39.42857142857143,
        39.857142857142854,
        40.285714285714285,
        40.714285714285715,
        41.142857142857146,
        41.57142857142857,
        42.0,
        42.42857142857143,
        42.857142857142854,
        43.285714285714285,
        43.714285714285715,
        44.142857142857146,
        44.57142857142857,
        45.0,
        45.42857142857143,
        45.857142857142854,
        46.285714285714285,
        46.714285714285715,
        47.142857142857146,
        47.57142857142857,
        48.0,
        48.42857142857143,
        48.857142857142854,
        49.285714285714285,
        49.714285714285715,
        50.142857142857146,
        50.57142857142857,
        51.0,
        51.42857142857143,
        51.857142857142854,
        52.285714285714285,
        52.714285714285715,
        53.142857142857146,
        53.57142857142857,
        54.0,
        54.42857142857143,
        54.857142857142854,
        55.285714285714285,
        55.714285714285715,
        56.142857142857146,
        56.57142857142857,
        57.0,
        57.42857142857143,
        57.857142857142854,
        58.285714285714285,
        58.714285714285715
    ]
}